LOWESTID,LOWESTIDNC,18B,18C,18P,17B,17C,17P,10C,10P,11C1,11C2,11P1,11B,11P2,12C,12P,13B,13C,13P1,13P2,14B,14P,15B,15C,15P,16B,16P
Stentor sp. ,BN050199,0,0,0,0,0,0,0,0,0,0,0,0,1,0,0,0,0,0,1,0,0,0,0,0,0,0
Didinium sp.,BN060101,0,0,0,0,0,0,0,0,0,0,0,0,0,0,0,0,0,0,1,0,0,0,0,0,0,0
Arcella discoides,BP010102,0,0,0,0,0,1,0,1,0,0,1,0,1,0,1,0,0,1,1,0,0,0,0,0,0,0
Arcella hemisphaerica,BP010104,0,0,0,0,0,0,0,0,0,0,0,0,0,0,0,0,0,1,0,0,0,0,0,0,0,0
Arcella megastoma,BP010105,0,0,1,0,0,0,0,1,0,0,1,0,0,0,1,0,0,1,1,0,0,0,0,0,0,1
Arcella vulgaris,BP010106,0,0,0,0,0,0,0,1,0,0,0,0,1,0,0,0,0,0,0,0,0,0,0,0,0,0
Arcella bathystoma,BP010109,0,0,0,0,0,0,0,0,0,0,0,0,1,0,0,0,0,0,0,0,0,0,0,0,0,0
Arcella sp. A (KMS),BP0101C0,0,0,0,0,0,0,0,1,0,0,1,0,1,0,0,0,0,0,1,0,0,0,0,1,0,0
Arcella sp. B (KMS),BP0101C1,0,0,0,0,0,0,0,0,0,0,1,0,1,0,1,0,0,0,0,0,0,0,0,0,0,1
Centropyxis aculeata,BP020101,0,1,1,0,0,1,1,1,1,0,1,0,1,0,1,0,0,1,1,0,0,0,0,1,0,1
Centropyxis ecornis,BP020105,0,0,0,0,0,0,1,1,0,0,1,0,0,0,1,0,0,1,0,0,0,0,0,0,0,1
Centropyxis cf. aculeata (KMS),BP0201B2,0,0,0,0,0,1,0,1,0,0,1,0,1,0,1,0,0,1,1,0,0,0,0,0,0,0
Centropyxis sp. a,BP0201B3,0,0,0,0,0,0,0,1,0,0,0,0,0,0,1,0,0,0,0,0,0,0,0,0,0,0
Centropyxis sp. b,BP0201B4,0,0,0,0,0,0,0,1,0,0,0,0,0,0,1,0,0,0,0,0,0,0,0,0,0,0
Difflugia acuminata,BP030104,0,0,0,0,0,0,0,1,0,0,1,0,0,0,1,0,0,0,0,0,0,0,0,0,0,0
Difflugia australis,BP030107,0,0,0,0,0,0,0,0,0,0,1,0,1,0,1,0,0,1,0,0,0,0,0,1,0,0
Difflugia capreolata,BP030108,0,0,0,0,0,0,0,0,0,0,1,0,1,0,0,0,0,0,0,0,0,0,0,0,0,0
Difflugia gigantea,BP030111,0,0,0,0,0,0,0,0,0,0,1,0,0,0,0,0,0,0,0,0,0,1,0,1,1,0
Difflugia lacustris,BP030112,0,0,0,0,0,0,0,1,0,0,0,0,0,0,1,0,0,0,1,0,0,0,0,0,0,1
Difflugia mammilaris,BP030113,0,0,0,0,0,0,0,0,0,0,0,0,0,0,0,0,0,0,0,0,0,0,0,1,0,0
Difflugia urceolata,BP030114,0,0,0,0,0,0,0,0,0,0,0,0,0,0,1,0,0,0,1,0,0,0,0,0,0,0
Difflugia sp. B (KMS),BP0301B7,0,0,0,0,0,0,0,1,0,0,1,0,0,0,1,0,0,1,1,0,0,0,0,1,0,1
Difflugia sp. C (KMS),BP0301B8,0,0,0,0,0,0,0,1,0,0,0,0,0,0,0,0,0,0,0,0,0,0,0,0,0,0
Difflugia cf. cylindrus,BP0301B9,0,0,0,0,0,0,0,1,0,0,1,0,1,0,1,0,0,0,1,0,0,0,0,0,0,0
Difflugia cf. globulosa,BP0301C0,0,0,0,0,0,0,0,0,0,0,1,0,0,0,1,0,0,0,1,0,0,0,0,0,0,0
Difflugia cf. pyriformis,BP0301C1,0,0,0,0,0,0,0,0,0,0,1,0,0,0,0,0,0,0,0,0,0,0,0,0,0,0
Difflugia cf. bryophila,BP0301C2,0,0,0,0,0,0,0,1,0,0,0,0,0,0,1,0,0,0,0,0,0,0,0,0,0,0
Difflugia sp. D (KMS),BP0301C3,0,0,0,0,0,0,0,1,0,0,0,0,0,0,1,0,0,0,0,0,0,0,0,1,0,0
Difflugia sp. E (KMS),BP0301C4,0,0,0,0,0,0,0,0,0,0,0,0,0,0,1,0,0,0,0,0,0,0,0,1,0,0
Difflugia sp. F (KMS),BP0301C5,0,0,0,0,0,0,0,0,0,0,0,0,0,0,0,0,0,0,0,0,0,0,0,1,0,0
Difflugia sp. G (KMS),BP0301C6,0,0,0,0,0,0,0,0,0,0,0,0,0,0,1,0,0,0,0,0,0,0,0,0,0,0
Nebela dentistoma,BP040104,0,0,0,0,0,0,0,1,0,0,0,0,0,0,0,0,0,0,0,0,0,0,0,0,0,0
Lesquereusia modesta,BP070101,0,0,1,0,0,1,0,1,0,0,0,0,0,0,1,0,0,1,0,0,0,0,0,0,0,1
Lesquereusia spiralis,BP070102,0,0,0,0,0,1,0,0,0,0,1,0,1,0,1,0,0,1,1,0,0,0,0,1,0,1
Netzelia tuberculata,BP070201,0,0,0,0,0,0,0,0,0,0,1,0,0,0,0,0,0,1,0,0,0,0,0,0,0,1
Netzelia corona,BP070202,0,0,0,0,0,0,0,0,0,0,0,0,0,0,0,0,0,0,1,0,0,0,0,0,0,0
Centropyxis kahlii,BP080101,0,0,0,0,0,0,0,1,0,0,0,0,0,0,0,0,0,0,0,0,0,0,0,0,0,0
Euglypha sp.,BP090199,0,0,0,0,0,0,0,1,0,0,0,0,0,0,0,0,0,0,0,0,0,0,0,0,0,0
Actinosphaerium sp.,BQ010199,0,0,0,0,0,0,0,0,0,0,0,0,1,0,0,0,0,0,0,0,0,0,0,0,0,0
Hydra sp.,IB010199,0,0,1,0,0,0,0,0,0,0,1,0,0,0,1,0,0,0,1,0,0,0,0,0,0,1
Turbellaria,IF999999,1,0,1,0,0,1,0,0,0,0,1,0,1,0,1,0,1,1,1,0,1,0,0,1,0,0
Nemertini,IH999999,0,0,0,0,0,0,0,0,0,0,0,0,0,0,0,0,0,0,0,0,0,0,0,1,0,0
Nematoda,II999999,0,1,0,1,1,0,0,0,0,0,0,1,1,0,1,1,1,0,1,0,0,1,1,1,1,1
Tardigrada,IR999999,0,0,0,0,0,0,0,0,0,0,1,0,0,0,0,0,0,0,0,0,0,0,0,0,0,0
Rotaria sp.,JB041099,0,0,0,0,0,0,0,0,0,0,1,0,1,0,1,0,0,0,0,0,0,0,0,0,0,0
Bdelloidea,JB999999,0,0,1,0,0,0,0,1,0,0,1,0,1,0,0,0,0,1,1,0,0,0,0,0,0,1
Hexarthra brandorffi,JF040101,0,0,0,0,0,0,0,0,0,0,0,0,0,0,0,0,0,0,0,0,1,0,0,0,0,0
Testudinella patina,JF050201,0,0,0,0,0,1,0,1,0,0,1,0,0,0,0,0,0,1,0,0,0,0,0,0,0,0
Brachionus angularis,JP020201,0,0,0,0,0,0,0,0,0,0,0,0,0,0,0,0,0,0,0,0,1,0,0,0,0,0
Brachionus plicatilis s.l.,JP020219,0,0,0,0,0,0,0,0,0,0,0,0,0,0,0,0,0,0,0,0,1,0,0,0,0,0
Plationus patulus,JP020501,0,0,1,0,0,1,0,0,0,0,1,0,1,0,0,0,0,0,0,0,0,0,0,1,0,1
Platyias quadricornis,JP020601,0,0,0,0,0,0,0,0,0,0,0,0,0,0,0,0,0,0,1,0,0,0,0,0,0,0
Colurella sp.,JP030199,0,0,0,0,0,0,0,0,0,0,0,0,1,0,0,0,0,0,0,0,0,0,0,0,0,0
Lepadella sp.,JP030299,0,0,0,0,0,0,0,0,0,0,0,0,0,0,0,0,0,0,1,0,0,0,0,0,0,0
Lepadella (Heterolepadella) sp.,JP0302B1,0,0,0,0,0,0,0,0,0,0,0,0,1,0,0,0,0,0,0,0,0,0,0,0,0,0
?Sinantherina,JP030699,0,0,0,0,0,0,0,0,0,0,0,0,0,0,0,0,0,0,0,0,0,0,0,0,0,1
Dipleuchlanis propatula,JP060204,0,0,0,0,0,0,0,0,0,0,0,0,0,0,0,0,0,0,1,0,0,0,0,1,0,0
Lecane bulla,JP090110,0,0,1,0,0,0,0,0,0,0,1,0,0,0,0,0,0,0,0,0,0,0,0,1,0,1
Lecane curvicornis,JP090117,0,0,0,0,0,0,0,0,0,0,0,0,1,0,0,0,0,0,0,0,0,0,0,0,0,0
Lecane hamata,JP090129,0,0,0,0,0,0,0,0,0,0,1,0,0,0,0,0,0,0,0,0,0,0,0,0,0,0
Lecane ludwigii,JP090136,0,0,0,0,0,0,0,0,0,0,0,0,0,0,0,0,0,0,0,0,0,0,0,0,0,1
Lecane lunaris,JP090138,0,0,0,0,0,0,0,0,0,0,0,0,0,0,0,0,0,0,0,0,0,0,0,1,0,0
Lecane papuana,JP090148,0,0,0,0,0,0,0,0,0,0,0,0,0,0,0,0,0,0,0,0,0,0,0,1,0,0
Lecane quadridentata,JP090154,0,0,0,0,0,0,0,0,0,0,1,0,0,0,0,0,0,0,0,0,0,0,0,0,0,0
Lecane signifera,JP090159,0,0,0,0,0,0,0,0,0,0,0,0,1,0,0,0,0,0,0,0,0,0,0,0,0,0
Lecane sp. A (KMS),JP0901G0,0,0,0,0,0,0,0,0,0,0,0,0,1,0,0,0,0,0,0,0,0,0,0,0,0,1
Lecane sp. B (KMS),JP0901G1,0,0,0,0,0,0,0,0,0,0,0,0,1,0,0,0,0,0,0,0,0,0,0,0,0,0
Mytilina bisulcata,JP120102,0,0,0,0,0,0,0,0,0,0,0,0,1,0,0,0,0,0,0,0,0,0,0,0,0,0
Mytilina ventralis,JP120108,0,0,1,0,0,0,0,0,0,0,0,0,0,0,0,0,0,0,0,0,0,0,0,0,0,0
Cephalodella forficula,JP130202,0,0,0,0,0,0,0,0,0,0,0,0,0,0,0,0,0,0,0,0,1,0,0,0,0,0
Proales sp.,JP140299,0,0,0,0,0,1,0,0,0,0,0,0,0,0,0,0,0,0,0,0,0,0,0,0,0,1
Polyarthra sp.,JP150299,0,0,0,0,0,0,0,0,0,0,0,0,0,0,0,0,0,0,0,0,0,0,0,0,0,1
Scaridium sp.,JP180199,0,0,0,0,0,0,0,0,0,0,0,0,1,0,0,0,0,0,0,0,0,0,0,0,0,0
Austropeplea sp.,KG050199,0,0,0,0,0,0,0,0,0,0,0,0,0,0,0,1,0,0,0,0,0,1,0,1,1,0
Austropeplea lessoni,KG0501A0,0,0,0,0,0,0,0,0,0,0,0,1,0,0,0,0,0,0,0,0,0,0,0,0,0,0
Ferrissia sp.,KG060199,0,0,0,0,0,0,0,1,0,0,0,1,1,0,0,0,0,1,0,0,0,0,0,0,0,0
Glyptophysa sp,KG070299,1,0,1,0,0,0,0,0,0,0,1,1,1,0,1,1,1,1,1,0,0,1,0,1,1,1
Gyraulus sp.,KG070799,1,1,1,1,0,1,0,1,0,0,0,1,1,0,1,1,1,1,1,1,1,1,1,0,1,1
Ameriana sp.,KG071199,0,0,0,0,0,0,0,0,0,0,0,0,0,0,0,1,0,0,0,0,0,0,0,0,0,0
Helicorbis sp.,KG071299,0,0,0,0,0,0,0,0,0,0,1,1,1,0,0,1,0,1,1,0,0,1,0,1,1,1
Assiminaeidae,KG219999,0,0,0,0,0,0,0,0,0,0,0,0,0,0,0,0,1,1,0,0,0,0,0,0,0,0
Gastropoda sp. KMS1,KG9999A3,0,0,0,0,0,0,1,1,0,0,0,0,0,0,0,0,0,0,0,0,0,0,0,0,0,0
Aeolosoma sp. 1 (PSS),LA9999A0,0,0,0,0,0,0,0,0,0,0,0,0,1,0,1,0,0,0,0,0,0,0,0,0,0,0
Aeolosoma sp. 4 (cf travancorense) (PSS),LA9999A3,0,0,0,0,0,0,0,0,0,0,0,0,0,0,0,0,1,1,1,0,0,0,0,0,0,1
Hirudinea sp.,LH999999,0,0,0,0,0,0,0,0,0,0,0,0,1,0,0,0,0,0,0,0,0,0,0,0,0,0
Dero digitata,LO050201,0,0,0,0,0,0,0,0,0,0,0,0,0,0,0,0,0,1,0,0,0,0,0,0,0,0
Dero nivea,LO050202,0,0,0,0,0,0,0,0,0,0,0,0,1,0,0,1,0,0,0,0,0,0,0,0,0,1
Dero furcata,LO050203,1,0,0,0,0,0,0,0,0,0,0,0,0,0,0,0,0,0,0,0,0,0,0,0,0,0
Dero flabelliger,LO050204,0,0,0,0,0,0,0,1,0,0,0,0,0,0,0,0,0,0,0,0,0,0,0,0,0,1
Dero WA5 (cf. graveli) KMS,LO0502A5,0,0,0,0,0,0,0,0,0,0,1,1,1,0,0,0,0,1,0,0,0,0,0,0,0,0
Allonais pectinata,LO050401,1,0,0,1,0,0,0,0,0,0,0,0,0,1,1,0,0,0,0,0,0,0,0,0,0,0
Allonais ranauana,LO050402,1,0,1,0,0,0,0,0,1,0,0,1,0,0,0,0,0,0,0,0,0,0,0,0,0,0
Allonais inaequalis,LO050404,1,0,0,0,0,0,0,1,1,0,1,1,1,1,1,0,1,1,1,0,0,1,0,0,0,1
Allonais cf. lairdi,LO050405,0,0,0,0,0,0,0,0,0,1,0,0,0,0,0,0,0,0,0,0,0,0,0,0,0,0
Chaetogaster diastrophus,LO050701,0,0,1,0,0,0,0,0,0,0,0,0,0,0,0,0,1,1,1,0,0,0,0,0,0,0
Aulodrilus pigueti,LO051701,0,0,0,0,0,0,0,0,0,0,0,1,0,0,1,1,0,0,0,0,0,1,0,1,0,0
Haemonais waldvogeli,LO052801,0,0,0,0,0,0,0,0,0,0,0,0,0,0,0,0,0,0,0,0,0,0,0,0,1,0
Enchytraeidae sp. KMS1=5,LO0899C5,0,0,0,0,0,0,1,0,0,0,0,0,0,0,0,0,0,0,0,0,0,0,0,0,0,0
Enchytraeidae sp. KMS2,LO0899C6,0,0,0,0,0,0,1,0,0,0,0,0,0,0,0,0,0,0,0,0,0,0,0,0,0,0
Enchytraeidae sp. KMS3,LO0899C7,0,1,0,0,0,0,1,0,0,0,0,0,0,0,0,1,0,0,0,0,0,0,1,0,0,0
Enchytraeidae sp. KMS5=1,LO0899C9,0,0,0,0,0,0,0,0,0,0,0,0,0,0,0,0,0,0,0,0,0,0,1,0,0,0
Enchytraeidae sp. KMS6,LO0899D0,0,0,0,0,1,0,0,0,0,0,0,0,0,0,0,0,0,0,0,0,0,0,1,0,0,0
Pristina longiseta,LO150101,1,0,1,1,0,1,0,0,0,0,0,0,0,0,1,0,0,0,1,1,0,0,0,1,0,1
Pristina aequiseta,LO150102,1,1,0,1,1,1,1,1,0,0,1,0,0,1,1,1,1,1,0,0,0,0,0,0,0,0
Pristina leidyi,LO150107,0,0,0,1,0,0,0,0,0,0,0,0,0,0,0,0,0,0,0,0,0,0,0,0,0,0
Pristina sima,LO1501A4,0,1,0,0,0,0,1,1,0,0,0,0,0,1,0,0,0,0,0,0,0,0,0,0,0,0
Opisthopora,LO989999,0,0,0,0,0,0,0,0,0,0,0,0,0,1,0,0,0,0,0,0,0,0,0,0,0,0
Hydrachna sp.,MM010199,0,0,0,0,0,0,0,0,0,0,0,1,0,0,0,0,0,0,0,0,0,0,0,0,1,0
Mamersella sp.,MM080299,0,0,0,0,0,0,0,0,0,0,0,1,0,0,0,0,0,0,0,0,0,0,0,0,0,0
Neumania sp.,MM160399,1,0,0,0,0,0,0,0,0,0,0,0,0,0,0,0,0,0,0,0,0,0,0,0,1,0
Axonopsella sp. KMS1,MM1903A6,0,0,0,1,0,0,0,0,0,0,0,0,0,0,0,0,0,0,0,0,0,0,0,0,0,0
Arrenurus (Brevicaudaturus) multicornutus,MM230115,0,0,0,0,0,0,0,0,0,0,0,0,0,0,0,0,0,0,0,0,0,0,0,0,1,1
Arrenurus (Micruracarus) sp. 29 = MAN1,MM2301E3,1,0,0,0,0,0,0,0,0,0,0,0,0,0,0,0,0,0,0,0,0,0,0,0,1,0
Arrenurus sp. 27 (KMS) (=B07),MM2301E7,0,0,0,0,0,0,0,0,0,0,0,0,0,0,0,1,0,0,0,0,0,0,0,0,0,0
Arrenurus sp. 28 (KMS),MM2301E8,0,0,0,0,0,0,0,0,0,0,0,0,0,0,0,0,1,0,0,0,0,0,0,0,0,0
Arrenurus sp. 30,MM2301E9,1,0,0,0,0,0,0,0,0,0,0,0,0,0,0,0,0,0,0,0,0,0,0,0,0,0
Halacaridae,MM249999,0,1,0,1,1,0,1,1,1,0,0,1,1,1,0,0,1,1,0,0,0,0,1,0,0,0
Pezidae,MM259999,0,0,0,0,0,0,0,0,1,0,0,0,0,0,0,0,0,0,0,0,0,0,0,0,0,0
Eniochthoniidae - Acarina KMS4 (Oribatida),MM3999A0,1,1,1,1,0,1,1,1,1,1,1,1,1,0,0,1,1,1,1,0,0,1,1,0,1,0
Uropodidae - Acarina KMS2 (Mesostigmata),MM4099E7,0,0,0,0,0,0,1,0,0,0,0,0,0,1,0,0,0,0,0,0,0,0,0,0,0,0
Oribatida sp.,MM9999A1,1,0,0,1,1,0,1,0,1,0,1,1,0,1,0,1,0,0,0,0,0,0,0,0,0,0
Trombidioidea,MM9999A6,0,0,0,0,0,0,1,1,0,0,0,0,0,1,0,0,0,0,0,1,0,0,1,0,0,0
Mesostigmata KMS1,MM9999E8,0,0,0,0,0,0,0,0,0,0,1,1,0,0,0,0,0,0,0,0,0,0,0,0,0,0
Acarina KMS3,MM9999E9,0,0,0,0,0,0,0,0,0,0,0,0,0,1,0,0,0,0,0,0,0,0,0,0,0,0
Acarina KMS5 (white hairy oribatid),MM9999F0,1,0,0,1,0,0,0,0,0,0,0,0,0,0,0,1,1,0,1,0,0,0,0,0,0,0
Acarina KMS6 (Oribatida),MM9999F1,0,0,0,0,0,0,0,0,0,0,0,0,0,0,0,1,0,0,0,0,0,0,0,0,0,0
Acarina KMS7 (Mesostigmata - plain white),MM9999F2,0,0,0,0,0,0,1,0,1,0,1,0,0,1,0,0,1,0,0,0,0,0,0,0,0,0
Acarina KMS8 (Mesostigmata?),MM9999F3,0,0,0,0,0,0,0,0,0,0,0,0,0,1,0,0,0,0,0,0,0,1,0,0,0,0
Acarina KMS9 (Mesostigmata),MM9999F4,1,0,0,0,0,0,0,0,0,0,0,0,0,0,0,0,0,0,0,0,0,0,0,0,0,0
Diaphanosoma sp.,OG010199,0,0,0,0,0,0,0,1,0,0,0,0,1,0,0,1,0,1,0,1,0,0,0,0,0,0
Latonopsis brehmi,OG010201,0,0,0,0,0,0,0,1,0,0,0,0,0,0,0,0,0,0,0,0,0,0,0,0,0,0
Sarsilatona papuana,OG010501,0,0,0,0,0,0,0,1,0,0,1,0,1,0,0,1,0,1,0,1,0,1,0,0,0,0
Alona intermedia,OG030228,0,0,0,1,0,0,0,0,0,0,0,0,1,0,0,0,0,0,0,0,0,0,0,0,0,0
Alona cf. guttata,OG0302E4,0,0,0,0,0,0,0,0,1,0,1,0,0,0,0,0,0,0,0,0,0,0,0,0,0,0
Chydorus cf. sphaericus,OG0309A5,0,0,0,0,0,0,0,0,0,0,1,0,1,0,0,1,0,1,1,1,0,0,0,1,0,1
Dadaya macrocops,OG031002,0,0,0,0,0,0,0,0,0,0,1,0,1,0,0,0,0,0,0,0,0,0,0,0,0,0
Dunhevedia crassa,OG031201,1,1,1,0,0,0,0,0,0,0,0,0,1,0,0,1,0,1,1,1,0,0,0,1,0,1
Kurzia longirostris,OG031602,0,0,0,0,0,0,0,0,0,0,0,0,0,0,0,0,0,0,0,0,0,1,0,0,0,0
Oxyurella singalensis,OG032201,0,0,0,0,0,0,1,0,0,0,1,0,1,0,0,1,1,1,1,1,0,0,0,0,0,0
Karualona karua,OG033201,0,0,1,0,0,0,0,0,0,0,0,0,0,0,0,0,0,0,0,0,0,0,0,0,0,0
Karualona n. sp. (KMS),OG033299,0,0,0,0,0,0,0,0,0,1,0,0,1,0,0,1,1,1,1,1,0,0,0,1,0,1
Picropleuroxus quasidenticulatus,OG033303,0,1,0,0,0,0,0,1,0,0,1,0,0,0,0,1,0,1,1,1,0,0,0,0,0,0
Coronatella sp.,OG033799,0,0,0,0,0,1,0,0,0,0,0,0,0,0,0,0,0,0,1,0,0,0,0,1,0,0
Ceriodaphnia cornuta,OG040101,0,0,1,0,0,1,0,0,0,0,0,0,1,0,0,0,0,0,0,0,0,0,0,0,0,0
Ceriodaphnia sp. A KMS,OG0401B0,0,1,0,1,0,0,0,0,1,0,0,1,1,0,0,0,0,0,0,0,0,1,0,0,0,0
Ceriodaphnia sp. B KMS,OG0401B1,1,0,0,0,0,0,0,0,0,0,1,0,0,0,0,0,0,0,0,0,0,0,0,0,0,0
Simocephalus elizabethae,OG040505,1,0,1,0,0,0,0,0,0,0,0,0,0,0,0,0,0,0,0,0,0,0,0,0,0,0
Ilyocryptus spinifer,OG050105,0,0,0,1,0,1,0,0,0,0,1,0,0,0,1,0,1,1,1,0,0,1,0,0,0,0
Ilyocryptus (sml) (KMS),OG0501A6,0,0,0,0,0,0,0,0,0,0,0,0,0,0,0,0,0,1,0,0,0,0,0,0,0,0
Grimaldina brazzai,OG060101,0,0,0,0,0,0,0,0,0,0,1,0,1,0,0,1,0,1,0,1,0,0,0,0,0,0
Macrothrix breviseta,OG060201,0,0,0,0,0,0,0,0,0,0,1,0,1,0,0,0,0,0,0,0,0,0,0,0,0,0
Macrothrix williamsi,OG060218,0,0,0,0,0,0,0,0,0,0,0,0,0,0,0,1,0,1,1,1,0,0,0,1,0,1
Guernella raphaelis,OG060601,0,0,0,0,0,0,0,1,0,0,1,0,1,0,0,1,0,1,0,1,0,1,0,1,0,0
Moinodaphnia macleayi,OG070201,0,0,0,0,0,0,0,0,0,0,0,0,1,0,0,1,0,0,0,1,0,0,0,0,0,0
Limnocythere sp.,OH010299,0,0,0,0,0,1,0,0,0,0,0,0,0,0,0,0,0,0,0,0,1,0,0,0,0,0
Penthesilenula sp.,OH050299,0,0,0,1,1,0,1,0,0,0,0,0,0,0,0,0,0,0,0,1,0,1,0,0,0,0
Vestalenula marmonieri,OH050399,1,1,1,1,0,1,1,0,1,1,1,0,1,0,0,1,1,1,1,0,0,1,1,1,0,0
Alicenula sp.,OH050499,0,0,0,1,1,0,1,0,1,0,1,0,1,0,0,0,1,1,0,0,0,0,0,0,0,0
Candonopsis tenuis,OH070101,0,0,0,0,0,0,0,0,0,0,0,1,0,0,1,1,1,1,0,0,0,1,0,0,0,0
Candonidae,OH079999,0,0,0,0,0,0,0,0,0,0,0,0,0,0,0,0,0,0,0,1,0,0,0,0,0,0
Cypretta sp.,OH080599,1,0,1,1,0,0,0,0,0,0,1,1,1,0,0,1,1,1,1,0,0,0,0,0,1,1
Cyprinotus cingalensis,OH080604,0,0,0,0,0,0,0,0,0,0,0,1,0,0,1,0,0,0,0,1,0,0,0,0,1,1
Heterocypris sp.,OH081099,0,0,0,0,0,0,0,0,0,0,0,0,0,0,0,0,0,0,0,1,0,0,0,0,0,0
Strandesia sp. 653 (KIM-MS),OH0816A0,1,0,1,0,0,0,0,0,0,0,0,0,0,0,0,0,0,0,0,0,0,1,0,0,0,0
Ilyodromus sp. KMS4=BOS583,OH0819D8,0,0,0,0,0,0,0,0,0,0,0,0,0,0,0,1,0,0,0,0,0,0,0,0,0,0
Ilyodromus sp. KMS2,OH0819D9,0,0,0,0,0,0,0,0,0,0,0,0,0,0,1,0,0,0,0,0,0,0,0,0,0,0
Ilyodromus sp. KMS1=BOS585,OH0819E0,0,0,0,1,0,0,0,0,0,0,0,0,0,0,0,0,0,0,0,0,0,0,0,0,0,0
Ilyodromus sp. KMS5,OH0819E1,0,0,0,0,0,0,0,0,0,0,1,1,1,0,0,0,0,0,0,0,0,0,0,0,1,0
Ilyodromus sp. KMS3,OH0819E2,0,0,0,1,0,0,0,0,0,0,0,0,0,0,0,0,0,0,0,0,0,0,0,0,0,0
Stenocypris cf. bolieki,OH082702,1,0,0,0,0,0,0,0,0,0,0,0,0,0,0,0,0,0,0,0,0,0,0,0,0,0
Stenocypris major,OH082703,1,0,0,0,0,0,0,0,0,0,1,0,1,0,0,0,0,0,0,0,0,0,0,0,1,0
Tanycypris sp.,OH083599,0,0,0,0,0,0,0,0,0,0,1,1,1,0,0,0,0,1,0,0,0,1,0,0,1,1
Chrissia sp.,OH083699,0,0,0,0,0,0,0,0,0,0,1,1,1,0,1,1,1,0,1,0,0,0,0,0,1,0
Microcyclops varicans,OJ310101,1,0,1,1,1,1,0,1,0,1,1,1,1,0,0,1,0,1,1,0,0,1,1,1,1,1
Microcyclops sp. TP1,OJ3101A8,0,0,0,0,0,0,0,0,0,0,0,0,0,0,0,0,0,0,0,0,0,0,0,1,0,0
Ectocyclops phaleratus,OJ310503,0,1,0,1,0,1,1,1,1,0,1,1,0,1,1,0,1,1,0,0,0,1,0,0,0,0
Mesocyclops notius,OJ310702,0,0,0,0,0,0,0,0,0,0,0,0,0,0,0,0,0,0,0,0,0,0,0,0,0,1
Mesocyclops brooksi,OJ310703,0,0,0,0,0,1,0,0,0,0,0,0,0,0,0,0,0,0,0,1,0,0,0,0,0,0
Mesocyclops darwini,OJ310708,1,0,0,1,0,1,0,0,0,0,0,0,0,0,0,0,0,0,0,0,0,0,0,0,0,0
Mesocyclops papuensis,OJ310715,0,0,0,0,1,0,1,1,1,0,1,1,1,1,1,1,1,1,1,0,1,1,0,1,1,0
Mesocyclops woutersi,OJ310716,1,1,1,0,0,0,0,0,0,0,0,0,0,0,0,0,0,1,0,0,0,0,0,0,0,0
Tropocyclops prasinus,OJ310902,0,0,0,0,0,1,0,0,0,0,0,0,0,0,0,0,0,0,0,0,0,0,0,0,0,0
Paracyclops chiltoni,OJ311102,0,0,1,1,0,1,1,1,1,1,1,1,0,1,1,1,1,0,1,0,0,1,1,0,0,0
Paracyclops sp. 8 (PSW),OJ3111A6,0,0,0,0,0,0,0,0,0,0,0,1,0,0,0,0,0,0,0,0,0,0,0,0,0,0
Canthocamptus grandidieri,OJ610112,0,1,0,0,0,0,1,1,0,0,1,0,1,1,1,0,1,0,0,0,0,0,1,0,0,0
Canthocamptus sp. B11,OJ6101A4,0,0,0,0,0,0,0,0,1,0,0,1,0,0,1,0,0,0,0,0,0,1,0,1,0,0
Cletocamptus dietersi,OJ610402,1,0,1,0,0,0,0,0,0,0,0,0,0,0,0,0,0,0,0,1,1,0,0,0,0,0
Schizopera sp. B37,OJ6302B0,0,0,0,0,0,0,0,0,0,0,0,0,0,0,0,0,0,0,0,1,0,0,0,0,0,0
Nitokra sp. B07,OJ6401B2,0,0,0,0,1,0,1,0,1,0,0,0,0,0,0,0,0,1,0,0,0,0,0,0,0,0
Phyllognathopus volcanicus,OJ820101,0,1,0,0,0,0,1,0,0,0,0,0,0,1,0,0,0,0,0,0,0,0,0,0,0,0
Talitridae,OP019999,1,0,0,0,1,0,0,0,0,0,0,0,0,0,0,1,1,0,0,0,0,0,0,0,0,0
Caridina nilotica,OT010304,0,0,0,0,0,0,0,0,0,0,0,0,0,0,0,1,0,0,0,0,0,0,0,0,0,0
Neohydrocoptus subfasciatus,QC080301,0,0,0,1,1,0,0,0,0,0,0,1,0,1,0,0,1,0,0,0,0,1,0,0,1,0
Notomicrus tenellus,QC080401,0,0,0,0,0,0,1,0,0,0,0,0,0,1,0,0,0,0,0,0,0,0,0,0,0,0
Laccophilus sharpi,QC090101,0,0,0,1,0,0,0,0,0,0,0,0,1,0,1,0,0,0,0,0,0,0,0,0,1,0
Laccophilus seminiger,QC090102,0,0,0,0,0,0,0,1,0,0,0,0,0,0,0,0,0,0,0,0,0,0,0,0,0,0
Laccophilus clarki,QC090105,1,0,0,1,0,0,0,0,0,0,0,1,1,0,1,1,0,0,0,0,0,0,0,0,1,1
Laccophilus cingulatus,QC090106,0,0,0,0,0,0,0,0,0,0,0,0,0,0,0,1,0,0,0,0,0,1,0,0,0,0
Laccophilus unifasciatus,QC090107,0,0,0,0,0,0,0,0,0,0,0,0,0,0,0,1,0,0,0,0,0,1,0,0,0,0
Hydrovatus sp.,QC090399,1,1,0,1,1,0,1,1,0,0,1,1,0,0,0,1,1,1,0,0,0,1,0,0,0,0
Hyphydrus elegans,QC090401,0,0,0,0,0,0,0,0,0,0,0,0,0,0,0,1,0,0,0,0,0,0,0,0,0,0
Hyphydrus lyratus,QC090402,0,0,0,0,0,0,0,0,0,0,0,0,0,0,0,1,0,0,0,0,0,1,0,0,0,0
Clypeodytes sp.,QC090899,0,0,0,0,0,0,0,0,0,0,0,0,0,0,0,1,0,0,0,0,0,1,0,0,0,0
Hydroglyphus daemeli,QC090904,0,0,0,0,0,0,0,0,0,0,0,0,0,0,1,0,0,0,0,1,0,1,0,0,0,0
Hydroglyphus godeffroyi,QC090905,0,0,0,0,0,0,0,0,0,0,0,1,0,0,1,0,0,1,0,0,0,1,0,0,0,0
Hydroglyphus trifasciatus,QC090906,1,0,0,1,0,0,0,0,0,0,0,0,0,0,0,0,0,0,0,0,0,0,0,0,0,0
Hydroglyphus leai,QC090907,1,0,1,0,0,0,0,0,0,0,0,0,0,0,0,0,0,0,0,1,0,0,0,0,0,0
Hydroglyphus basalis,QC090909,0,0,0,0,0,0,0,0,0,0,0,0,0,0,0,0,0,0,0,1,0,0,0,0,0,0
Hydroglyphus grammopterus (=trilineatus),QC090910,0,0,0,0,0,0,0,0,0,0,0,0,0,0,0,0,0,0,0,1,0,0,0,0,0,0
Limbodessus compactus,QC091001,1,0,1,0,0,0,1,0,0,0,0,0,0,1,0,0,0,0,0,0,0,0,0,0,0,0
Megaporus ruficeps,QC092105,1,0,0,1,0,0,0,0,0,0,0,0,0,0,0,0,0,0,0,0,0,0,0,0,0,0
Copelatus sp.,QC092799,1,0,0,0,0,0,1,0,0,0,0,0,0,0,0,0,0,0,0,0,0,0,0,0,0,0
Hydaticus consanguineus,QC093008,1,0,0,0,0,0,0,0,0,0,0,0,0,0,0,0,0,0,0,0,0,0,0,0,0,0
Hydaticus quadrivittatus,QC093012,0,0,0,0,0,0,0,0,0,0,0,0,0,0,0,0,0,0,0,0,0,0,0,0,1,0
Rhantaticus congestus,QC093201,0,0,0,0,0,0,0,0,0,0,0,0,0,0,0,0,0,0,0,0,0,0,0,0,1,0
Onychohydrus sp.,QC093499,0,0,0,0,0,0,0,0,0,0,0,0,0,0,0,1,0,0,0,0,0,0,0,0,0,0
Cybister tripunctatus,QC093602,1,0,0,0,0,0,0,0,0,0,0,0,0,0,0,0,0,0,0,0,0,0,0,0,1,0
Neobidessodes mjobergi,QC094103,0,0,0,0,0,0,0,0,0,0,0,0,0,0,0,0,0,0,0,0,0,1,0,0,0,0
Neobidessodes flavosignatus,QC094105,0,0,0,0,0,0,0,0,0,0,0,0,0,0,0,0,0,0,0,1,0,0,0,0,0,0
Dineutus australis,QC100301,0,0,0,0,0,0,0,0,0,0,0,0,0,0,0,1,0,0,0,0,0,0,0,0,0,0
Berosus australiae,QC110401,0,0,0,0,0,0,0,0,0,0,0,0,0,0,0,0,0,0,0,1,0,0,0,0,0,0
Berosus pulchellus,QC110422,0,0,0,0,0,0,0,0,0,0,0,0,0,0,0,0,0,0,0,1,0,0,0,0,0,1
Regimbartia attenuata,QC110701,1,0,0,1,0,0,0,1,0,0,1,1,1,0,0,1,0,0,1,0,0,1,0,0,1,0
Enochrus deserticola,QC111105,1,0,0,0,0,0,0,0,0,0,1,1,1,0,0,0,0,0,0,0,0,0,0,0,0,0
Enochrus fuscatus (was malabarensis),QC111115,0,0,0,0,0,0,0,0,0,0,0,0,0,0,0,0,0,0,0,0,0,1,0,0,0,0
Helochares sp.,QC111299,0,0,0,0,0,0,0,0,0,0,0,0,0,0,1,0,0,0,0,0,0,0,0,0,0,0
Paracymus pygmaeus,QC111601,1,0,0,1,0,0,0,0,1,0,1,1,0,0,1,1,0,1,0,0,0,1,0,0,0,0
Hydrophilus bilineatus (formerly picicornis),QC111803,0,0,0,0,0,0,0,0,0,0,0,0,0,1,0,0,0,0,0,0,0,0,0,0,0,0
Sternolophus marginicollis,QC111901,1,0,0,0,0,0,0,0,0,0,0,0,0,0,0,0,0,0,0,0,0,1,0,0,0,0
Coelostoma fabricii,QC112001,0,0,0,0,0,0,0,0,1,0,0,0,0,0,0,0,0,0,0,0,0,0,0,0,0,0
Chasmogenus nitescens,QC112101,0,0,0,0,0,0,0,0,0,0,0,0,0,1,0,0,0,0,0,0,0,0,0,0,0,0
Hydraena sp. KMS1,QC1302A3,1,0,0,0,0,0,0,0,0,0,0,0,0,0,0,0,0,0,0,0,0,0,0,0,0,0
Hydraena sp. KMS2,QC1302A4,0,0,0,0,0,0,0,0,0,0,0,0,0,0,0,0,0,1,0,0,0,0,0,0,0,0
Scirtidae,QC209999,1,1,0,1,1,0,1,1,1,0,1,1,0,1,0,1,0,1,0,0,0,1,1,1,0,0
Limnichidae,QC359999,0,0,0,0,0,0,0,0,0,0,0,0,0,0,0,0,0,1,0,0,0,0,0,0,0,0
Hydrochus group 4,QCA001B2,0,0,0,0,0,0,0,0,0,0,0,0,1,0,0,1,0,0,0,0,0,0,0,0,0,0
Chrysomelidae,QCAH9999,1,0,0,0,0,0,0,0,0,0,0,0,0,1,0,0,0,1,0,0,0,0,0,0,0,0
Tipulidae type D (SAP),QD0199A3,0,0,0,0,0,0,0,1,0,0,0,0,0,0,0,0,0,0,0,0,0,0,0,0,0,0
Tipulidae type KMS 'A',QD0199B8,1,0,1,0,0,0,0,0,0,0,0,0,0,0,0,0,0,0,0,0,0,0,0,1,0,0
Tipulidae type KMS 'B',QD0199B9,1,0,0,0,0,0,0,0,0,0,1,0,0,0,0,1,0,0,0,0,0,0,0,0,0,0
Tipulidae type KMS 'C' (nr sp K1 and H),QD0199C0,0,0,0,0,0,0,0,0,0,0,0,0,0,1,0,0,0,0,0,0,0,0,0,0,0,0
Tipulidae type KMS 'D' (nr Group F),QD0199C1,0,0,0,0,0,0,0,0,0,0,0,0,0,1,0,0,0,0,0,0,0,0,0,0,0,0
Corethrella sp.,QD050499,1,1,0,0,1,0,1,0,0,0,0,0,1,0,0,0,0,0,0,0,0,0,1,0,1,0
Anopheles annulipes s.l.,QD070101,1,0,0,0,0,0,0,0,0,0,0,1,0,0,1,0,0,0,1,0,0,0,0,0,0,0
Anopheles (Anopheles) bancroftii,QD070106,1,0,1,1,0,0,0,1,0,0,0,1,0,0,0,1,0,1,1,0,0,1,0,0,0,0
Aedes sp.,QD070599,0,0,0,0,0,0,0,1,0,0,0,0,0,0,0,0,0,1,0,0,0,0,0,0,0,0
Culex (Culex) annulirostris,QD070709,1,0,1,0,0,0,0,0,0,0,0,0,0,0,1,0,0,0,0,0,0,0,0,0,0,0
Culex(Oculeomyia) starckeae,QD070712,0,0,0,0,0,0,0,0,0,0,0,0,0,0,0,0,0,0,0,0,0,0,0,1,0,0
Culex crinicauda,QD070713,1,0,0,0,0,0,0,0,0,0,0,1,1,0,0,0,0,0,0,0,0,0,0,0,1,1
Culex (Oculeomyia) squamosus,QD070716,0,0,0,0,0,0,0,0,0,0,0,0,0,0,0,0,0,0,0,0,0,1,0,0,0,0
Culex (Lophoceraomyia) sp.,QD0707A8,0,0,0,0,0,0,0,0,0,0,0,0,0,0,0,0,0,1,0,0,0,0,0,0,0,0
Coquillettidia xanthogaster,QD070805,0,1,0,0,0,0,0,0,1,0,1,0,0,0,0,0,0,0,0,0,0,0,0,0,0,0
Uranotaenia sp. (Unident.),QD071499,0,0,0,1,0,0,0,1,0,0,1,0,0,0,0,0,0,0,0,0,0,0,0,0,0,0
Culicidae sp. KMS1,QD0799A1,0,0,0,0,0,0,1,1,0,0,0,0,0,0,0,0,0,0,0,0,0,0,0,0,0,0
Forcipomyia sp. KMS1 (nr sp P2),QD0928B4,0,0,0,0,0,0,1,1,0,0,1,0,0,0,0,0,1,0,0,0,0,0,0,0,0,0
Forcipomyia sp. KMS2,QD0928B5,0,0,0,0,0,0,0,0,0,0,0,0,0,0,0,0,0,0,0,0,0,0,1,0,0,0
Dasyhelea sp.,QD092999,1,0,0,1,0,0,1,0,1,0,1,1,1,0,0,1,0,1,1,0,0,0,1,0,1,1
Ceratopogonidae sp. KMS1 (?Bezzia),QD0999B2,1,1,0,1,0,0,0,0,0,0,1,1,1,1,0,0,0,0,0,0,0,0,1,0,1,1
Ceratopogonidae sp. KMS2 (?Monohelea),QD0999B3,1,0,0,1,0,0,0,0,0,0,0,1,0,0,1,1,0,0,0,1,0,1,0,0,0,0
Ceratopogonidae sp. KMS3,QD0999B4,1,0,0,0,0,0,0,0,0,0,0,0,0,0,0,0,0,0,0,0,0,0,0,0,0,0
Ceratopogonidae sp. KMS4 (?Alluaudomyia),QD0999B5,1,0,0,0,0,0,0,0,0,0,0,1,0,0,0,0,0,0,0,0,0,0,0,0,0,0
Ceratopogonidae sp. KMS6 (?Stilobezzia),QD0999B7,0,0,0,0,0,0,0,0,1,0,0,0,0,0,0,0,0,0,0,0,0,0,0,0,0,0
Ceratopogonidae sp. KMS7 (?Culicoides),QD0999B8,0,0,0,0,0,0,0,0,1,0,0,0,0,0,0,0,0,0,0,0,0,0,0,0,0,0
Ceratopogonidae sp. KMS8 (?Culicoides),QD0999B9,0,0,0,0,0,0,0,0,0,0,0,0,1,0,0,0,0,1,0,0,0,1,1,1,0,0
Ceratopogonidae sp. KMS9 (?Nilobezzia),QD0999C0,1,0,0,0,0,0,1,1,0,0,0,1,1,0,0,1,1,0,0,1,1,1,0,0,1,0
Ceratopogonidae sp. KMS10 (?Clinohelea),QD0999C1,0,0,0,0,0,0,0,0,0,0,0,1,0,0,1,0,0,0,0,0,0,0,0,0,0,0
Psychodinae sp. KMS1 (nr sp 5),QD1299A5,1,0,0,0,0,0,0,0,0,0,0,0,0,0,0,0,0,0,0,0,0,0,0,0,0,0
Psychodinae sp. KMS2,QD1299A6,0,0,0,0,0,0,0,0,0,0,0,1,0,0,0,0,0,0,0,0,0,0,0,0,0,0
Scatopsidae,QD159999,0,0,0,0,0,0,1,0,0,0,0,0,0,0,0,0,0,0,0,0,0,0,0,0,0,0
Tabanidae,QD239999,1,0,1,1,0,0,0,0,0,0,0,1,0,0,1,1,0,0,0,0,1,1,0,0,1,1
Stratiomyidae,QD249999,1,0,0,1,0,1,0,1,0,0,0,0,0,1,0,1,1,0,1,0,0,1,0,1,0,0
Dolichopodidae,QD369999,0,0,0,0,0,0,0,0,0,0,0,1,0,1,0,0,0,0,0,0,0,0,0,0,0,0
Syrphidae,QD439999,0,0,0,0,0,0,0,0,0,0,0,1,0,0,0,0,0,0,0,1,0,0,0,0,0,0
Ephydridae sp KMS1 (nr sp.8),QD7899C7,1,0,0,0,0,0,1,0,0,0,0,1,0,0,0,0,0,0,0,1,0,0,0,0,0,0
Muscidae sp. KMS 1 (nr sp. K),QD8999B7,0,0,0,0,0,0,0,0,0,0,0,0,0,0,0,0,0,1,0,0,0,0,0,0,0,0
Diptera sp. E (HUT),QD9999A3,0,0,0,0,0,0,1,0,0,0,0,0,0,1,0,0,0,0,0,0,0,0,0,0,0,0
Clinotanypus crux,QDAE0101,0,0,0,1,0,0,0,0,0,0,0,1,0,0,0,1,1,0,0,0,0,1,0,0,0,0
Tanypus sp.K1,QDAE03A0,0,0,0,0,0,0,0,0,0,0,0,1,1,0,0,1,0,0,0,1,0,1,0,0,0,0
Fittkauimyia disparipes,QDAE0401,0,0,0,0,0,0,0,0,0,0,0,0,0,0,0,0,0,0,0,0,0,1,0,0,0,0
Procladius paludicola,QDAE0803,0,0,0,1,0,1,0,0,0,0,0,1,0,0,1,0,0,0,0,1,1,0,0,0,1,1
Ablabesmyia notabilis,QDAE1102,0,0,0,1,1,0,0,0,0,0,0,0,0,0,0,0,0,0,0,0,0,0,0,0,0,0
Paramerina sp.A (parva?),QDAE12A0,1,0,1,1,0,0,0,0,0,0,0,0,0,0,0,1,1,0,0,0,0,0,0,0,0,0
Larsia albiceps,QDAE1701,0,0,0,0,0,0,0,0,0,0,0,0,1,0,0,0,0,0,1,0,0,0,0,0,0,0
Pentaneurini sp. P1 (PSW),QDAE99A8,1,0,1,1,0,1,0,1,0,0,1,1,1,0,0,1,0,1,1,0,0,1,0,1,0,0
Pentaneurini sp. K1 (RCM),QDAE99C4,1,0,0,0,0,0,0,0,0,0,1,1,1,0,0,1,0,1,0,0,0,0,0,0,1,1
Pentaneurini sp. K2  (RCM),QDAE99C5,0,0,0,0,0,0,0,0,0,0,0,0,0,0,0,0,0,0,0,0,0,0,0,0,1,1
Pentaneurini sp. K3 (KMS),QDAE99C6,1,1,0,0,0,0,1,1,0,0,0,0,0,1,0,0,0,0,0,0,0,0,0,0,0,0
Pentaneurini sp. K4 (KMS),QDAE99C7,1,1,0,1,0,0,1,1,0,0,0,0,0,0,0,0,1,0,0,0,0,1,1,0,0,0
Pentaneurini sp. K5 (KMS),QDAE99C8,0,0,0,0,0,0,0,0,1,0,0,0,0,1,0,0,0,0,0,0,0,0,1,0,0,0
Parakiefferiella sp. K1 (KMS),QDAF03A7,0,0,0,0,0,0,1,0,1,1,1,0,0,0,0,0,0,0,0,0,0,0,0,0,0,0
Parametriocnemus ornaticornis,QDAF1101,0,0,0,0,0,0,1,0,0,0,0,0,0,1,0,0,0,0,0,0,0,0,1,0,0,0
Riethia sp.,QDAG0199,0,0,0,0,0,0,0,0,0,0,0,1,0,1,0,0,0,0,0,0,0,0,0,0,0,0
Cladotanytarsus sp.,QDAH0399,0,0,0,0,1,0,1,0,0,0,0,0,0,0,0,0,0,0,0,0,0,0,0,0,0,0
Tanytarsus 'K12' (PSW),QDAH04B4,1,0,1,1,0,1,0,0,0,0,0,0,0,0,0,1,0,0,1,0,0,0,0,0,0,0
Tanytarsus sp. P6 (PSW),QDAH04B6,0,0,0,0,0,0,0,0,0,0,0,0,0,0,0,1,1,0,0,0,0,0,0,0,0,0
Tanytarsus sp. P9 (PSW),QDAH04C1,0,0,0,0,0,0,0,0,0,0,1,1,1,0,1,0,1,0,0,0,0,0,0,0,1,1
Tanytarsus fuscithorax/semibarbitarsus,QDAH04D8,1,0,1,0,0,0,0,0,0,0,0,0,0,0,0,0,0,0,0,1,0,0,0,0,1,0
Stenochironomus cf watsoni,QDAI0201,0,0,0,0,0,0,1,0,0,0,0,0,0,0,0,1,0,0,0,0,0,0,0,0,0,0
Chironomus tepperi,QDAI0414,0,0,0,1,0,0,0,0,0,0,0,0,0,0,0,0,0,0,0,0,0,0,0,0,0,0
Chironomus aff. alternans (V24) (CB),QDAI04A0,1,0,0,0,0,0,0,0,0,0,0,1,0,0,0,1,0,0,0,0,0,1,0,0,1,1
Kiefferulus intertinctus,QDAI0701,0,0,0,0,0,0,0,0,0,0,0,1,0,0,0,1,0,0,0,1,0,1,0,0,0,0
Kiefferulus tumidus,QDAI0706,0,0,0,0,0,0,0,0,0,0,0,0,0,0,0,0,0,0,0,0,0,1,0,0,0,0
Polypedilum watsoni,QDAI0810,0,0,0,1,1,0,1,0,0,0,0,0,0,0,0,1,0,0,0,0,0,0,0,0,0,0
Polypedilum sp. K1 (PSW),QDAI08A5,0,0,0,1,0,0,0,0,0,0,0,0,0,0,0,0,0,0,0,0,0,0,0,0,0,0
Polypedilum nr. convexum (PSW),QDAI08B0,1,0,1,0,0,0,0,1,0,0,1,1,0,0,0,0,0,0,0,0,0,0,0,0,0,0
Zavreliella marmorata,QDAI0901,1,0,0,0,0,0,0,0,0,0,0,0,0,0,0,1,0,0,1,0,0,0,0,0,1,0
Paratendipes sp. 'K1' (PSW),QDAI10A1,1,1,0,1,0,0,1,0,1,0,1,1,0,1,1,0,1,0,0,0,0,1,0,0,0,0
Microtendipes sp.,QDAI1199,0,0,0,0,0,0,0,0,0,0,0,0,0,0,0,1,0,0,0,0,0,0,0,0,0,0
Parachironomus 'K1' (PSW),QDAI25A2,0,0,0,0,0,0,0,0,0,0,0,0,0,0,0,0,0,0,0,0,0,0,0,0,1,1
Cloeon sp.,QE020299,1,0,1,1,0,1,0,0,0,0,0,1,1,0,1,1,0,0,1,0,1,1,0,0,1,1
Tasmanocoenis sp.'a' (KMS),QE0801A9,0,0,0,0,0,0,0,0,0,0,0,0,0,0,0,1,1,0,0,0,0,0,0,0,0,0
Tasmanocoenis sp.'b' (KMS),QE0801B0,0,0,0,0,0,0,0,0,0,0,0,0,0,0,0,1,0,0,0,0,0,0,0,0,0,0
Mesovelia vittigera,QH520102,1,0,0,0,0,0,0,0,0,0,0,1,0,0,0,0,0,0,0,0,0,1,0,0,0,0
Mesovelia horvathi,QH520104,0,0,0,1,0,0,0,0,0,0,0,0,0,0,0,1,0,0,0,0,0,0,0,0,0,0
Mesovelia ebbenielseni,QH520105,0,0,0,0,0,0,0,0,0,0,0,1,0,0,0,0,0,0,0,1,0,1,0,0,0,0
Hebrus nourlangiei,QH530103,0,0,0,0,0,0,1,0,0,0,0,0,0,0,0,0,0,0,0,0,0,0,0,0,0,0
Hydrometra papuana,QH540107,0,0,0,0,0,0,0,0,0,0,0,0,0,0,1,1,0,0,0,0,0,0,0,0,0,0
Microvelia (Picaultia) douglasi,QH560117,1,0,1,0,0,0,0,0,0,0,0,0,0,0,0,0,0,0,0,0,0,0,0,0,0,0
Microvelia (Pacificovelia) kakadu,QH560118,1,0,0,0,0,0,0,1,0,0,0,1,1,0,0,0,0,0,0,0,0,1,0,0,1,1
Limnogonus fossarum gilguy,QH570301,1,0,0,0,0,0,0,0,0,0,0,0,0,0,1,1,0,0,0,0,0,0,0,0,0,0
Limnogonus hungerfordi,QH570302,0,0,0,1,0,0,0,0,0,0,0,1,0,0,0,1,0,0,0,0,0,1,0,0,0,0
Limnogonus luctuosus,QH570303,0,0,0,0,0,0,0,0,0,0,0,0,0,0,1,0,0,1,0,0,0,1,0,0,0,0
Ranatra diminuta,QH610202,0,0,0,1,0,0,0,0,0,0,0,0,0,0,0,1,0,0,0,0,0,0,0,0,1,0
Diplonychus sp.,QH620299,1,0,0,1,0,0,0,0,0,0,0,1,0,0,0,1,0,1,0,0,0,1,0,0,1,1
Micronecta virgata,QH650516,1,0,0,1,0,0,0,0,0,0,0,0,0,0,1,0,0,0,0,1,1,0,0,0,0,0
Micronecta KMS1,QH6505B5,0,0,0,0,0,0,0,0,0,0,0,0,0,0,0,0,0,0,0,1,1,0,0,0,0,0
Enithares sp.,QH670199,1,0,0,0,0,0,0,0,0,0,0,1,0,0,0,1,0,0,0,0,0,1,0,1,1,1
Anisops nodulatus,QH670419,0,0,0,0,0,0,0,0,0,0,0,0,0,0,0,1,0,0,0,0,0,1,0,0,1,0
Anisops paracrinitis,QH670421,1,0,0,0,0,0,0,0,0,0,0,0,0,0,0,0,0,0,0,1,1,0,0,0,0,0
Anisops tahitiensis,QH670427,0,0,0,0,0,0,0,0,0,0,0,0,0,0,0,1,0,0,0,0,0,1,0,1,0,0
Paraplea brunni,QH680101,1,0,1,1,0,0,0,0,0,0,0,1,0,0,1,0,0,0,0,0,0,0,0,0,1,1
Paraplea liturata,QH680103,0,0,0,0,0,0,0,0,0,0,1,0,1,0,1,0,0,0,0,0,0,0,0,0,1,1
Paraponyx KMS1,QL0199B5,1,0,0,0,0,0,0,0,0,0,0,1,0,0,0,0,0,0,0,0,0,0,0,0,0,0
Argiocnemis rubescens,QO020401,1,0,0,1,0,0,0,0,0,0,0,1,0,0,0,0,0,0,0,0,0,1,0,0,0,0
Ceriagrion aeruginosum,QO020801,1,0,0,1,0,0,0,0,0,0,1,1,1,0,0,1,1,1,1,0,0,1,0,0,1,1
Ischnura aurora aurora,QO021001,0,0,0,1,0,0,0,0,0,0,0,0,0,0,0,0,0,0,0,0,0,0,0,0,0,1
Ischnura heterosticta heterosticta,QO021002,1,0,0,0,0,0,0,0,0,0,0,0,0,0,0,0,0,0,0,0,0,0,0,0,1,0
Anax papuensis,QO121204,1,0,0,0,0,0,0,0,0,0,0,0,0,0,0,1,0,0,0,0,0,0,0,0,1,1
Agrionoptera insignis allogenes,QO170201,0,0,0,0,0,0,0,1,0,0,0,0,0,0,0,0,0,0,0,0,0,0,0,0,0,0
Brachydiplax denticauda,QO170401,0,0,0,0,0,0,0,0,0,0,0,1,0,0,0,0,0,1,0,0,0,1,0,0,1,0
Crocothemis nigrifrons,QO170601,1,0,0,0,0,0,0,0,0,0,0,0,0,0,0,0,0,0,0,0,0,0,0,0,1,0
Hydrobasileus brevistylus,QO170801,1,0,0,0,0,0,0,0,0,0,0,1,1,0,0,0,0,0,0,0,0,0,0,0,1,0
Orthetrum caledonicum,QO171601,0,0,0,1,0,0,0,0,0,0,0,0,0,0,0,1,0,0,0,1,1,0,0,0,0,0
Orthetrum sabina sabina,QO171606,0,0,0,0,0,0,0,0,0,0,0,1,0,0,1,1,0,0,0,0,0,0,0,0,0,0
Orthetrum migratum/villosovittatum,QO171609,0,0,0,1,0,1,0,0,0,0,0,0,0,0,0,1,0,0,0,0,0,1,0,0,0,0
Rhyothemis sp.,QO172199,1,0,0,0,0,0,0,0,0,0,0,1,1,0,0,1,0,0,1,0,0,0,0,0,1,0
Tholymis tillarga,QO172301,0,0,0,0,0,0,0,0,0,0,0,0,0,0,0,0,0,0,0,0,0,1,0,0,0,0
Tramea stenoloba/loewii,QO1728A0,1,0,0,0,0,0,0,0,0,0,0,1,0,0,0,1,0,0,1,0,0,0,0,0,1,0
Hemicordulia australiae,QO300101,0,0,0,0,0,0,0,0,0,0,0,0,0,0,0,1,0,0,0,0,0,0,0,0,0,0
Oxyethira sp.,QT031099,0,0,0,0,0,0,0,0,0,0,0,0,0,0,0,1,0,0,1,0,0,0,0,0,0,0
Tricholeiochiton sp.,QT031199,0,0,0,0,0,0,0,0,0,0,0,0,0,0,0,1,0,0,0,0,0,0,0,0,0,0
Oecetis sp.,QT250799,0,0,0,0,0,0,0,0,0,0,0,0,0,0,0,1,0,0,0,0,0,0,0,0,0,0
Triplectides australis,QT251103,1,0,0,0,0,0,0,0,0,0,0,0,0,0,0,0,0,0,0,0,0,0,0,0,0,0
Triplectides helvolus,QT251112,0,0,0,1,0,0,0,0,0,0,0,0,0,0,0,1,0,0,1,0,0,0,0,0,0,0
Triplectides ciuskus seductus,QT251126,1,0,1,0,0,0,0,0,0,0,0,0,0,0,0,0,0,0,0,0,0,0,0,0,0,0
